window,queueing delay
1000,0.0
2000,1.5533980582525486e-06
5000,1.553398058252498e-05
10000,6.99029126213618e-05
15000,0.00016310679611651033
20000,0.00029514563106797074
