window,throughput
1000,384270.68334041
2000,767079.337817858
5000,1918762.49291447
10000,3795738.904627
15000,5632279.53410981
20000,7462002.55250029
